,mean_fit_time,mean_score_time,mean_test_score,mean_train_score,param_C,param_degree,param_kernel,params,rank_test_score,split0_test_score,split0_train_score,split1_test_score,split1_train_score,split2_test_score,split2_train_score,std_fit_time,std_score_time,std_test_score,std_train_score
0,272.39405004183453,66.84841990470886,0.060367686052678095,0.06146656158155369,0.01,1,linear,"{'C': 0.01, 'degree': 1, 'kernel': 'linear'}",100,0.052980132450331126,0.05305743467303355,0.05300821627352239,0.05304336294921098,0.07514604354753053,0.07829888712241653,5.2487905102880426,0.32839211816344677,0.010438801573328093,0.011902252919469787
1,275.7378210226695,68.17665855089824,0.060367686052678095,0.06146656158155369,0.01,1,poly,"{'C': 0.01, 'degree': 1, 'kernel': 'poly'}",100,0.052980132450331126,0.05305743467303355,0.05300821627352239,0.05304336294921098,0.07514604354753053,0.07829888712241653,1.0835949490768102,0.43866730211882826,0.010438801573328093,0.011902252919469787
2,280.4694616794586,70.86191415786743,0.060367686052678095,0.06151072339042138,0.01,1,rbf,"{'C': 0.01, 'degree': 1, 'kernel': 'rbf'}",100,0.052980132450331126,0.05305743467303355,0.05300821627352239,0.05304336294921098,0.07514604354753053,0.0784313725490196,0.8675928000155573,0.8663974385587137,0.010438801573328093,0.011964707141272648
3,277.96812319755554,66.94567275047302,0.060367686052678095,0.06146656158155369,0.01,1,sigmoid,"{'C': 0.01, 'degree': 1, 'kernel': 'sigmoid'}",100,0.052980132450331126,0.05305743467303355,0.05300821627352239,0.05304336294921098,0.07514604354753053,0.07829888712241653,2.5961409395853483,0.22583257095577966,0.010438801573328093,0.011902252919469787
4,276.6052135626475,66.62800772984822,0.060367686052678095,0.06146656158155369,0.01,2,linear,"{'C': 0.01, 'degree': 2, 'kernel': 'linear'}",100,0.052980132450331126,0.05305743467303355,0.05300821627352239,0.05304336294921098,0.07514604354753053,0.07829888712241653,0.3742237595680245,0.1578972048434576,0.010438801573328093,0.011902252919469787
5,276.1400736967723,66.39235560099284,0.06346119851511402,0.06482285905549823,0.01,2,poly,"{'C': 0.01, 'degree': 2, 'kernel': 'poly'}",89,0.052980132450331126,0.05305743467303355,0.05300821627352239,0.05304336294921098,0.0844397238449283,0.08836777954425014,2.2275066471981235,0.4408463048293834,0.014818331246239724,0.01664877393122569
6,281.4725875059764,70.33502880732219,0.060367686052678095,0.06151072339042138,0.01,2,rbf,"{'C': 0.01, 'degree': 2, 'kernel': 'rbf'}",100,0.052980132450331126,0.05305743467303355,0.05300821627352239,0.05304336294921098,0.07514604354753053,0.0784313725490196,1.39814233416075,0.25326761957084265,0.010438801573328093,0.011964707141272648
7,276.358318010966,66.68802348772685,0.060367686052678095,0.06146656158155369,0.01,2,sigmoid,"{'C': 0.01, 'degree': 2, 'kernel': 'sigmoid'}",100,0.052980132450331126,0.05305743467303355,0.05300821627352239,0.05304336294921098,0.07514604354753053,0.07829888712241653,1.0243976792439582,0.5500262174046566,0.010438801573328093,0.011902252919469787
8,279.0054392814636,67.34316555658977,0.060367686052678095,0.06146656158155369,0.01,3,linear,"{'C': 0.01, 'degree': 3, 'kernel': 'linear'}",100,0.052980132450331126,0.05305743467303355,0.05300821627352239,0.05304336294921098,0.07514604354753053,0.07829888712241653,0.9243944462916043,0.45144265454040916,0.010438801573328093,0.011902252919469787
9,279.55650210380554,67.5195705095927,0.06602439455541807,0.06698678769001509,0.01,3,poly,"{'C': 0.01, 'degree': 3, 'kernel': 'poly'}",83,0.052980132450331126,0.05305743467303355,0.05300821627352239,0.05304336294921098,0.09214020180562932,0.09485956544780075,0.9770604830839406,0.6781652146821214,0.018447085073614422,0.0197090310002722
10,285.10123467445374,70.23891123135884,0.060367686052678095,0.06151072339042138,0.01,3,rbf,"{'C': 0.01, 'degree': 3, 'kernel': 'rbf'}",100,0.052980132450331126,0.05305743467303355,0.05300821627352239,0.05304336294921098,0.07514604354753053,0.0784313725490196,1.1020461779004602,0.6833374659649564,0.010438801573328093,0.011964707141272648
11,280.35334245363873,67.82683038711548,0.060367686052678095,0.06146656158155369,0.01,3,sigmoid,"{'C': 0.01, 'degree': 3, 'kernel': 'sigmoid'}",100,0.052980132450331126,0.05305743467303355,0.05300821627352239,0.05304336294921098,0.07514604354753053,0.07829888712241653,0.26942807683125514,1.01617177357551,0.010438801573328093,0.011902252919469787
12,279.1919496059418,66.39255420366923,0.060367686052678095,0.06146656158155369,0.01,4,linear,"{'C': 0.01, 'degree': 4, 'kernel': 'linear'}",100,0.052980132450331126,0.05305743467303355,0.05300821627352239,0.05304336294921098,0.07514604354753053,0.07829888712241653,0.702604166613922,0.22658746488757944,0.010438801573328093,0.011902252919469787
13,277.3938655058543,66.00021107991536,0.06690825525897119,0.06809083291170738,0.01,4,poly,"{'C': 0.01, 'degree': 4, 'kernel': 'poly'}",77,0.052980132450331126,0.05305743467303355,0.05300821627352239,0.05304336294921098,0.09479553903345725,0.0981717011128776,1.5275345812191927,0.30895903674186703,0.019698379571434298,0.021270386664805182
14,282.34260241190594,70.50830658276875,0.060367686052678095,0.06151072339042138,0.01,4,rbf,"{'C': 0.01, 'degree': 4, 'kernel': 'rbf'}",100,0.052980132450331126,0.05305743467303355,0.05300821627352239,0.05304336294921098,0.07514604354753053,0.0784313725490196,1.4734688437624164,0.5640584636854291,0.010438801573328093,0.011964707141272648
15,279.98566794395447,66.80730565388997,0.060367686052678095,0.06146656158155369,0.01,4,sigmoid,"{'C': 0.01, 'degree': 4, 'kernel': 'sigmoid'}",100,0.052980132450331126,0.05305743467303355,0.05300821627352239,0.05304336294921098,0.07514604354753053,0.07829888712241653,1.822241021418154,0.2996234194948483,0.010438801573328093,0.011902252919469787
16,278.2686638037364,64.72931377092998,0.060367686052678095,0.06146656158155369,0.01,5,linear,"{'C': 0.01, 'degree': 5, 'kernel': 'linear'}",100,0.052980132450331126,0.05305743467303355,0.05300821627352239,0.05304336294921098,0.07514604354753053,0.07829888712241653,2.2159509233449266,0.5040112647405524,0.010438801573328093,0.011902252919469787
17,279.422870238622,64.53159666061401,0.06222379353013965,0.06318887212739364,0.01,5,poly,"{'C': 0.01, 'degree': 5, 'kernel': 'poly'}",99,0.052980132450331126,0.05305743467303355,0.05300821627352239,0.05304336294921098,0.0807222517259692,0.0834658187599364,2.001828035186686,0.19227118772605287,0.013066519227280915,0.014337967616497423
18,285.8039888540904,69.71067476272583,0.060367686052678095,0.06151072339042138,0.01,5,rbf,"{'C': 0.01, 'degree': 5, 'kernel': 'rbf'}",100,0.052980132450331126,0.05305743467303355,0.05300821627352239,0.05304336294921098,0.07514604354753053,0.0784313725490196,2.7783221535052998,0.5788538920706001,0.010438801573328093,0.011964707141272648
19,283.6759301821391,67.71330189704895,0.060367686052678095,0.06146656158155369,0.01,5,sigmoid,"{'C': 0.01, 'degree': 5, 'kernel': 'sigmoid'}",100,0.052980132450331126,0.05305743467303355,0.05300821627352239,0.05304336294921098,0.07514604354753053,0.07829888712241653,1.9374511307313893,1.0413585176815758,0.010438801573328093,0.011902252919469787
20,277.11832722028095,67.9272490342458,0.060367686052678095,0.06146656158155369,0.01,6,linear,"{'C': 0.01, 'degree': 6, 'kernel': 'linear'}",100,0.052980132450331126,0.05305743467303355,0.05300821627352239,0.05304336294921098,0.07514604354753053,0.07829888712241653,1.3940281626024038,1.574228998105174,0.010438801573328093,0.011902252919469787
21,287.4819854100545,71.15777730941772,0.06293088209298214,0.06376297564267364,0.01,6,poly,"{'C': 0.01, 'degree': 6, 'kernel': 'poly'}",95,0.052980132450331126,0.05305743467303355,0.05300821627352239,0.05304336294921098,0.08284652150823155,0.08518812930577636,7.984320372705081,0.47508720221093587,0.014067554648538283,0.015149872532335625
22,304.6003640492757,75.37333973248799,0.060367686052678095,0.06151072339042138,0.01,6,rbf,"{'C': 0.01, 'degree': 6, 'kernel': 'rbf'}",100,0.052980132450331126,0.05305743467303355,0.05300821627352239,0.05304336294921098,0.07514604354753053,0.0784313725490196,0.7788793326472202,0.27967659238361636,0.010438801573328093,0.011964707141272648
23,300.46972465515137,70.6590010325114,0.060367686052678095,0.06146656158155369,0.01,6,sigmoid,"{'C': 0.01, 'degree': 6, 'kernel': 'sigmoid'}",100,0.052980132450331126,0.05305743467303355,0.05300821627352239,0.05304336294921098,0.07514604354753053,0.07829888712241653,1.9820159476592045,0.9773169028340684,0.010438801573328093,0.011902252919469787
24,268.13773584365845,66.78183897336324,0.4939013611454835,0.5064897353921083,0.1,1,linear,"{'C': 0.1, 'degree': 1, 'kernel': 'linear'}",51,0.48,0.4921077065923863,0.49165120593692024,0.5035141227953852,0.5100902814657462,0.5238473767885533,1.5868873346043026,0.6078604866929677,0.012385632460132487,0.013127385339680709
25,303.46963175137836,71.68637013435364,0.060367686052678095,0.06146656158155369,0.1,1,poly,"{'C': 0.1, 'degree': 1, 'kernel': 'poly'}",100,0.052980132450331126,0.05305743467303355,0.05300821627352239,0.05304336294921098,0.07514604354753053,0.07829888712241653,1.882250862690972,0.8914706534109753,0.010438801573328093,0.011902252919469787
26,305.630788564682,74.2143091360728,0.060367686052678095,0.06151072339042138,0.1,1,rbf,"{'C': 0.1, 'degree': 1, 'kernel': 'rbf'}",100,0.052980132450331126,0.05305743467303355,0.05300821627352239,0.05304336294921098,0.07514604354753053,0.0784313725490196,4.475142734527316,0.7297215766897518,0.010438801573328093,0.011964707141272648
27,292.36136325200397,70.82100828488667,0.060367686052678095,0.06146656158155369,0.1,1,sigmoid,"{'C': 0.1, 'degree': 1, 'kernel': 'sigmoid'}",100,0.052980132450331126,0.05305743467303355,0.05300821627352239,0.05304336294921098,0.07514604354753053,0.07829888712241653,1.3318627806443466,0.9427992122694404,0.010438801573328093,0.011902252919469787
28,255.6251179377238,67.96194791793823,0.4939013611454835,0.5064897353921083,0.1,2,linear,"{'C': 0.1, 'degree': 2, 'kernel': 'linear'}",51,0.48,0.4921077065923863,0.49165120593692024,0.5035141227953852,0.5100902814657462,0.5238473767885533,1.3420031846765903,0.3495423242827736,0.012385632460132487,0.013127385339680709
29,293.41876165072125,71.0935451189677,0.06346119851511402,0.06482285905549823,0.1,2,poly,"{'C': 0.1, 'degree': 2, 'kernel': 'poly'}",89,0.052980132450331126,0.05305743467303355,0.05300821627352239,0.05304336294921098,0.0844397238449283,0.08836777954425014,1.2622682664412628,0.881086746621546,0.014818331246239724,0.01664877393122569
30,303.9078659216563,77.27732801437378,0.060367686052678095,0.06151072339042138,0.1,2,rbf,"{'C': 0.1, 'degree': 2, 'kernel': 'rbf'}",100,0.052980132450331126,0.05305743467303355,0.05300821627352239,0.05304336294921098,0.07514604354753053,0.0784313725490196,4.302711404710282,1.1509466621666653,0.010438801573328093,0.011964707141272648
31,305.17813205718994,72.02814324696858,0.060367686052678095,0.06146656158155369,0.1,2,sigmoid,"{'C': 0.1, 'degree': 2, 'kernel': 'sigmoid'}",100,0.052980132450331126,0.05305743467303355,0.05300821627352239,0.05304336294921098,0.07514604354753053,0.07829888712241653,3.0403923398693036,0.7251568860074381,0.010438801573328093,0.011902252919469787
32,271.8327096303304,69.97409391403198,0.4939013611454835,0.5064897353921083,0.1,3,linear,"{'C': 0.1, 'degree': 3, 'kernel': 'linear'}",51,0.48,0.4921077065923863,0.49165120593692024,0.5035141227953852,0.5100902814657462,0.5238473767885533,1.7210533854707342,1.3894756850555645,0.012385632460132487,0.013127385339680709
33,307.59845328330994,67.58262236913045,0.06602439455541807,0.06698678769001509,0.1,3,poly,"{'C': 0.1, 'degree': 3, 'kernel': 'poly'}",83,0.052980132450331126,0.05305743467303355,0.05300821627352239,0.05304336294921098,0.09214020180562932,0.09485956544780075,2.1748337717707074,1.036287502589916,0.018447085073614422,0.0197090310002722
34,313.5756371815999,74.66985964775085,0.060367686052678095,0.06151072339042138,0.1,3,rbf,"{'C': 0.1, 'degree': 3, 'kernel': 'rbf'}",100,0.052980132450331126,0.05305743467303355,0.05300821627352239,0.05304336294921098,0.07514604354753053,0.0784313725490196,3.6574027032349052,2.3958523741708198,0.010438801573328093,0.011964707141272648
35,304.98399178187054,75.29316409428914,0.060367686052678095,0.06146656158155369,0.1,3,sigmoid,"{'C': 0.1, 'degree': 3, 'kernel': 'sigmoid'}",100,0.052980132450331126,0.05305743467303355,0.05300821627352239,0.05304336294921098,0.07514604354753053,0.07829888712241653,4.653245824709421,0.9892219497101002,0.010438801573328093,0.011902252919469787
36,264.4337629477183,73.41520682970683,0.4939013611454835,0.5064897353921083,0.1,4,linear,"{'C': 0.1, 'degree': 4, 'kernel': 'linear'}",51,0.48,0.4921077065923863,0.49165120593692024,0.5035141227953852,0.5100902814657462,0.5238473767885533,1.6036140695597687,1.430919288098243,0.012385632460132487,0.013127385339680709
37,308.2911998430888,73.50033696492513,0.06690825525897119,0.06809083291170738,0.1,4,poly,"{'C': 0.1, 'degree': 4, 'kernel': 'poly'}",77,0.052980132450331126,0.05305743467303355,0.05300821627352239,0.05304336294921098,0.09479553903345725,0.0981717011128776,0.9094424764577295,1.6407897987103994,0.019698379571434298,0.021270386664805182
38,310.85093998908997,76.34046117464702,0.060367686052678095,0.06151072339042138,0.1,4,rbf,"{'C': 0.1, 'degree': 4, 'kernel': 'rbf'}",100,0.052980132450331126,0.05305743467303355,0.05300821627352239,0.05304336294921098,0.07514604354753053,0.0784313725490196,3.3701906743607193,1.0604000292359868,0.010438801573328093,0.011964707141272648
39,306.97882866859436,71.81532939275105,0.060367686052678095,0.06146656158155369,0.1,4,sigmoid,"{'C': 0.1, 'degree': 4, 'kernel': 'sigmoid'}",100,0.052980132450331126,0.05305743467303355,0.05300821627352239,0.05304336294921098,0.07514604354753053,0.07829888712241653,2.4786892773980997,1.2964576146006905,0.010438801573328093,0.011902252919469787
40,265.7691725095113,70.37916723887126,0.4939013611454835,0.5064897353921083,0.1,5,linear,"{'C': 0.1, 'degree': 5, 'kernel': 'linear'}",51,0.48,0.4921077065923863,0.49165120593692024,0.5035141227953852,0.5100902814657462,0.5238473767885533,5.29860381144118,1.6767965941520055,0.012385632460132487,0.013127385339680709
41,306.6291027069092,74.59603627522786,0.06743857168110305,0.06844412738264889,0.1,5,poly,"{'C': 0.1, 'degree': 5, 'kernel': 'poly'}",72,0.052980132450331126,0.05305743467303355,0.05300821627352239,0.05304336294921098,0.09638874137015402,0.09923158452570217,2.5084676561727446,0.942104409951945,0.02044915628343062,0.021770020479317566
42,318.8834767341614,76.35155256589253,0.060367686052678095,0.06151072339042138,0.1,5,rbf,"{'C': 0.1, 'degree': 5, 'kernel': 'rbf'}",100,0.052980132450331126,0.05305743467303355,0.05300821627352239,0.05304336294921098,0.07514604354753053,0.0784313725490196,2.9771241072097685,0.9588072812784395,0.010438801573328093,0.011964707141272648
43,314.6003680229187,74.67847148577373,0.060367686052678095,0.06146656158155369,0.1,5,sigmoid,"{'C': 0.1, 'degree': 5, 'kernel': 'sigmoid'}",100,0.052980132450331126,0.05305743467303355,0.05300821627352239,0.05304336294921098,0.07514604354753053,0.07829888712241653,2.198697265641489,1.3281345000320028,0.010438801573328093,0.011902252919469787
44,272.8703027566274,71.27497442563374,0.4939013611454835,0.5064897353921083,0.1,6,linear,"{'C': 0.1, 'degree': 6, 'kernel': 'linear'}",51,0.48,0.4921077065923863,0.49165120593692024,0.5035141227953852,0.5100902814657462,0.5238473767885533,2.4397678499001425,1.1953528113998801,0.012385632460132487,0.013127385339680709
45,311.9705859025319,67.7777868906657,0.06293088209298214,0.06376297564267364,0.1,6,poly,"{'C': 0.1, 'degree': 6, 'kernel': 'poly'}",95,0.052980132450331126,0.05305743467303355,0.05300821627352239,0.05304336294921098,0.08284652150823155,0.08518812930577636,2.2246387566287233,3.289557134122951,0.014067554648538283,0.015149872532335625
46,312.2494750022888,74.89234360059102,0.060367686052678095,0.06151072339042138,0.1,6,rbf,"{'C': 0.1, 'degree': 6, 'kernel': 'rbf'}",100,0.052980132450331126,0.05305743467303355,0.05300821627352239,0.05304336294921098,0.07514604354753053,0.0784313725490196,2.6136613856592104,0.8581361820693687,0.010438801573328093,0.011964707141272648
47,304.79004430770874,70.77171142896016,0.060367686052678095,0.06146656158155369,0.1,6,sigmoid,"{'C': 0.1, 'degree': 6, 'kernel': 'sigmoid'}",100,0.052980132450331126,0.05305743467303355,0.05300821627352239,0.05304336294921098,0.07514604354753053,0.07829888712241653,1.742592172335013,1.2106273247140928,0.010438801573328093,0.011902252919469787
48,128.61655886967978,58.91174070040385,0.7757645395085735,0.8120027025063837,1,1,linear,"{'C': 1, 'degree': 1, 'kernel': 'linear'}",32,0.7904635761589405,0.8068709377901578,0.7598727802809435,0.8181938734915793,0.7769516728624535,0.8109432962374139,0.8896170076727368,0.9242703359278702,0.012521164167381598,0.004682874790601805
49,297.86729645729065,69.17957806587219,0.060367686052678095,0.06146656158155369,1,1,poly,"{'C': 1, 'degree': 1, 'kernel': 'poly'}",100,0.052980132450331126,0.05305743467303355,0.05300821627352239,0.05304336294921098,0.07514604354753053,0.07829888712241653,3.541055571163516,0.5215424698821953,0.010438801573328093,0.011902252919469787
50,306.30733847618103,76.13227121035258,0.060367686052678095,0.06151072339042138,1,1,rbf,"{'C': 1, 'degree': 1, 'kernel': 'rbf'}",100,0.052980132450331126,0.05305743467303355,0.05300821627352239,0.05304336294921098,0.07514604354753053,0.0784313725490196,1.9147956355671092,0.36584375704034505,0.010438801573328093,0.011964707141272648
51,305.21077569325763,70.17735306421916,0.060367686052678095,0.06146656158155369,1,1,sigmoid,"{'C': 1, 'degree': 1, 'kernel': 'sigmoid'}",100,0.052980132450331126,0.05305743467303355,0.05300821627352239,0.05304336294921098,0.07514604354753053,0.07829888712241653,4.279337940717504,1.7031538455485529,0.010438801573328093,0.011902252919469787
52,127.91181937853496,60.95659907658895,0.7757645395085735,0.8120027025063837,1,2,linear,"{'C': 1, 'degree': 2, 'kernel': 'linear'}",32,0.7904635761589405,0.8068709377901578,0.7598727802809435,0.8181938734915793,0.7769516728624535,0.8109432962374139,1.6808927968501748,0.2906259682692715,0.012521164167381598,0.004682874790601805
53,304.0590540568034,68.32276701927185,0.06346119851511402,0.06482285905549823,1,2,poly,"{'C': 1, 'degree': 2, 'kernel': 'poly'}",89,0.052980132450331126,0.05305743467303355,0.05300821627352239,0.05304336294921098,0.0844397238449283,0.08836777954425014,2.9374625324001475,1.7630297140689921,0.014818331246239724,0.01664877393122569
54,308.7536800702413,69.63696829477946,0.060367686052678095,0.06151072339042138,1,2,rbf,"{'C': 1, 'degree': 2, 'kernel': 'rbf'}",100,0.052980132450331126,0.05305743467303355,0.05300821627352239,0.05304336294921098,0.07514604354753053,0.0784313725490196,3.2763185184822037,0.47185309308345463,0.010438801573328093,0.011964707141272648
55,293.11991715431213,66.3289094765981,0.060367686052678095,0.06146656158155369,1,2,sigmoid,"{'C': 1, 'degree': 2, 'kernel': 'sigmoid'}",100,0.052980132450331126,0.05305743467303355,0.05300821627352239,0.05304336294921098,0.07514604354753053,0.07829888712241653,12.674586390589267,0.40996177854651855,0.010438801573328093,0.011902252919469787
56,118.72125061353047,56.486963987350464,0.7757645395085735,0.8120027025063837,1,3,linear,"{'C': 1, 'degree': 3, 'kernel': 'linear'}",32,0.7904635761589405,0.8068709377901578,0.7598727802809435,0.8181938734915793,0.7769516728624535,0.8109432962374139,1.3636924539593107,0.4571722453519305,0.012521164167381598,0.004682874790601805
57,282.15355348587036,65.26816304524739,0.06602439455541807,0.06698678769001509,1,3,poly,"{'C': 1, 'degree': 3, 'kernel': 'poly'}",83,0.052980132450331126,0.05305743467303355,0.05300821627352239,0.05304336294921098,0.09214020180562932,0.09485956544780075,1.8759076746677277,0.5267880185132332,0.018447085073614422,0.0197090310002722
58,287.4252274831136,68.30339789390564,0.060367686052678095,0.06151072339042138,1,3,rbf,"{'C': 1, 'degree': 3, 'kernel': 'rbf'}",100,0.052980132450331126,0.05305743467303355,0.05300821627352239,0.05304336294921098,0.07514604354753053,0.0784313725490196,0.3105908082562302,0.782793115230963,0.010438801573328093,0.011964707141272648
59,285.6148935953776,65.14994756380717,0.060367686052678095,0.06146656158155369,1,3,sigmoid,"{'C': 1, 'degree': 3, 'kernel': 'sigmoid'}",100,0.052980132450331126,0.05305743467303355,0.05300821627352239,0.05304336294921098,0.07514604354753053,0.07829888712241653,5.133120507731005,1.1373123612419946,0.010438801573328093,0.011902252919469787
60,119.45367868741353,57.03695853551229,0.7757645395085735,0.8120027025063837,1,4,linear,"{'C': 1, 'degree': 4, 'kernel': 'linear'}",32,0.7904635761589405,0.8068709377901578,0.7598727802809435,0.8181938734915793,0.7769516728624535,0.8109432962374139,1.2443621119230313,0.31647997902739644,0.012521164167381598,0.004682874790601805
61,289.31814153989154,65.8645904858907,0.06690825525897119,0.06809083291170738,1,4,poly,"{'C': 1, 'degree': 4, 'kernel': 'poly'}",77,0.052980132450331126,0.05305743467303355,0.05300821627352239,0.05304336294921098,0.09479553903345725,0.0981717011128776,2.761884358026379,0.5167346420113439,0.019698379571434298,0.021270386664805182
62,294.1606634457906,69.81194607416789,0.060367686052678095,0.06151072339042138,1,4,rbf,"{'C': 1, 'degree': 4, 'kernel': 'rbf'}",100,0.052980132450331126,0.05305743467303355,0.05300821627352239,0.05304336294921098,0.07514604354753053,0.0784313725490196,1.5262291866691937,0.44971681865842067,0.010438801573328093,0.011964707141272648
63,283.8376401265462,66.46216011047363,0.060367686052678095,0.06146656158155369,1,4,sigmoid,"{'C': 1, 'degree': 4, 'kernel': 'sigmoid'}",100,0.052980132450331126,0.05305743467303355,0.05300821627352239,0.05304336294921098,0.07514604354753053,0.07829888712241653,8.115463042976177,0.8167207657684553,0.010438801573328093,0.011902252919469787
64,118.95850698153178,56.70638823509216,0.7757645395085735,0.8120027025063837,1,5,linear,"{'C': 1, 'degree': 5, 'kernel': 'linear'}",32,0.7904635761589405,0.8068709377901578,0.7598727802809435,0.8181938734915793,0.7769516728624535,0.8109432962374139,1.35459554822344,0.3056672420814653,0.012521164167381598,0.004682874790601805
65,285.714285214742,67.67907134691875,0.06735018561074775,0.06844412738264889,1,5,poly,"{'C': 1, 'degree': 5, 'kernel': 'poly'}",76,0.052980132450331126,0.05305743467303355,0.05300821627352239,0.05304336294921098,0.09612320764737123,0.09923158452570217,3.960243184690904,1.4142447944513927,0.02032402683080229,0.021770020479317566
66,293.45593516031903,73.10766418774922,0.060367686052678095,0.06151072339042138,1,5,rbf,"{'C': 1, 'degree': 5, 'kernel': 'rbf'}",100,0.052980132450331126,0.05305743467303355,0.05300821627352239,0.05304336294921098,0.07514604354753053,0.0784313725490196,7.793300679410827,2.733334437981993,0.010438801573328093,0.011964707141272648
67,303.03811407089233,70.24114457766215,0.060367686052678095,0.06146656158155369,1,5,sigmoid,"{'C': 1, 'degree': 5, 'kernel': 'sigmoid'}",100,0.052980132450331126,0.05305743467303355,0.05300821627352239,0.05304336294921098,0.07514604354753053,0.07829888712241653,8.367919217236969,2.0669509755850046,0.010438801573328093,0.011902252919469787
68,128.61683432261148,62.466084241867065,0.7757645395085735,0.8120027025063837,1,6,linear,"{'C': 1, 'degree': 6, 'kernel': 'linear'}",32,0.7904635761589405,0.8068709377901578,0.7598727802809435,0.8181938734915793,0.7769516728624535,0.8109432962374139,1.6010618215366104,0.988064978641907,0.012521164167381598,0.004682874790601805
69,309.2564369837443,73.57476298014323,0.06293088209298214,0.06376297564267364,1,6,poly,"{'C': 1, 'degree': 6, 'kernel': 'poly'}",95,0.052980132450331126,0.05305743467303355,0.05300821627352239,0.05304336294921098,0.08284652150823155,0.08518812930577636,2.8474488215418385,1.055851579868531,0.014067554648538283,0.015149872532335625
70,319.086133480072,76.81812373797099,0.060367686052678095,0.06151072339042138,1,6,rbf,"{'C': 1, 'degree': 6, 'kernel': 'rbf'}",100,0.052980132450331126,0.05305743467303355,0.05300821627352239,0.05304336294921098,0.07514604354753053,0.0784313725490196,2.8396539193100843,0.6734888169440642,0.010438801573328093,0.011964707141272648
71,312.4159305890401,70.29624104499817,0.060367686052678095,0.06146656158155369,1,6,sigmoid,"{'C': 1, 'degree': 6, 'kernel': 'sigmoid'}",100,0.052980132450331126,0.05305743467303355,0.05300821627352239,0.05304336294921098,0.07514604354753053,0.07829888712241653,1.64892965205706,2.2830766944453695,0.010438801573328093,0.011902252919469787
72,68.59644293785095,45.66806181271871,0.8433798833303872,0.9431679856876177,10,1,linear,"{'C': 10, 'degree': 1, 'kernel': 'linear'}",7,0.8532450331125828,0.9411062475129327,0.833289159819772,0.94655881182867,0.8436006372809347,0.9418388977212506,2.6503022201641064,0.8398137810570782,0.008151322251205,0.0024162602675856064
73,303.3579201698303,70.11605819066365,0.0722114194802899,0.0732702460009371,10,1,poly,"{'C': 10, 'degree': 1, 'kernel': 'poly'}",63,0.07311258278145695,0.07043374452845205,0.06838059899284389,0.07107810635194271,0.07514604354753053,0.07829888712241653,4.261762476266778,0.8576681080691739,0.0028339839664303632,0.0035655036284157203
74,307.681960662206,73.06804887453715,0.12285663779388369,0.12696363242862307,10,1,rbf,"{'C': 10, 'degree': 1, 'kernel': 'rbf'}",57,0.1205298013245033,0.1244196843082637,0.11979856877816061,0.12067365070945497,0.12825278810408922,0.1357975622681505,2.076278179846756,1.4685579366920318,0.003823288739063534,0.00643101491410291
75,307.13193527857464,70.23207847277324,0.0722114194802899,0.0732702460009371,10,1,sigmoid,"{'C': 10, 'degree': 1, 'kernel': 'sigmoid'}",63,0.07311258278145695,0.07043374452845205,0.06838059899284389,0.07107810635194271,0.07514604354753053,0.07829888712241653,3.006097620307665,2.4580125452316675,0.0028339839664303632,0.0035655036284157203
76,66.15518728892009,44.62342802683512,0.8433798833303872,0.9431679856876177,10,2,linear,"{'C': 10, 'degree': 2, 'kernel': 'linear'}",7,0.8532450331125828,0.9411062475129327,0.833289159819772,0.94655881182867,0.8436006372809347,0.9418388977212506,0.9688826511315566,0.8708173585885389,0.008151322251205,0.0024162602675856064
77,308.8697186311086,71.92747942606609,0.06346119851511402,0.06482285905549823,10,2,poly,"{'C': 10, 'degree': 2, 'kernel': 'poly'}",89,0.052980132450331126,0.05305743467303355,0.05300821627352239,0.05304336294921098,0.0844397238449283,0.08836777954425014,4.679812407606894,0.9536471515107867,0.014818331246239724,0.01664877393122569
78,317.26236510276794,74.68679277102153,0.12285663779388369,0.12696363242862307,10,2,rbf,"{'C': 10, 'degree': 2, 'kernel': 'rbf'}",57,0.1205298013245033,0.1244196843082637,0.11979856877816061,0.12067365070945497,0.12825278810408922,0.1357975622681505,3.56291464884297,0.7252967534257075,0.003823288739063534,0.00643101491410291
79,315.00742324193317,69.68865831693013,0.0722114194802899,0.0732702460009371,10,2,sigmoid,"{'C': 10, 'degree': 2, 'kernel': 'sigmoid'}",63,0.07311258278145695,0.07043374452845205,0.06838059899284389,0.07107810635194271,0.07514604354753053,0.07829888712241653,3.0146610020550932,1.9756978940111574,0.0028339839664303632,0.0035655036284157203
80,68.28119500478108,46.78551173210144,0.8433798833303872,0.9431679856876177,10,3,linear,"{'C': 10, 'degree': 3, 'kernel': 'linear'}",7,0.8532450331125828,0.9411062475129327,0.833289159819772,0.94655881182867,0.8436006372809347,0.9418388977212506,1.3809387565196896,0.27239900028278446,0.008151322251205,0.0024162602675856064
81,298.95913283030194,70.81121404965718,0.06602439455541807,0.06698678769001509,10,3,poly,"{'C': 10, 'degree': 3, 'kernel': 'poly'}",83,0.052980132450331126,0.05305743467303355,0.05300821627352239,0.05304336294921098,0.09214020180562932,0.09485956544780075,3.5762978727042545,0.21088102833863284,0.018447085073614422,0.0197090310002722
82,305.38667861620587,74.06652355194092,0.12285663779388369,0.12696363242862307,10,3,rbf,"{'C': 10, 'degree': 3, 'kernel': 'rbf'}",57,0.1205298013245033,0.1244196843082637,0.11979856877816061,0.12067365070945497,0.12825278810408922,0.1357975622681505,3.739895615321541,0.3369911756003714,0.003823288739063534,0.00643101491410291
83,308.9474148750305,70.54858096440633,0.0722114194802899,0.0732702460009371,10,3,sigmoid,"{'C': 10, 'degree': 3, 'kernel': 'sigmoid'}",63,0.07311258278145695,0.07043374452845205,0.06838059899284389,0.07107810635194271,0.07514604354753053,0.07829888712241653,1.37474915951592,2.9784111592473814,0.0028339839664303632,0.0035655036284157203
84,66.67402911186218,47.49968910217285,0.8433798833303872,0.9431679856876177,10,4,linear,"{'C': 10, 'degree': 4, 'kernel': 'linear'}",7,0.8532450331125828,0.9411062475129327,0.833289159819772,0.94655881182867,0.8436006372809347,0.9418388977212506,0.7462890312687339,2.377741359914119,0.008151322251205,0.0024162602675856064
85,308.8751124540965,70.63336284955342,0.06690825525897119,0.06809083291170738,10,4,poly,"{'C': 10, 'degree': 4, 'kernel': 'poly'}",77,0.052980132450331126,0.05305743467303355,0.05300821627352239,0.05304336294921098,0.09479553903345725,0.0981717011128776,2.6176444627613544,0.8431204514034536,0.019698379571434298,0.021270386664805182
86,307.8307792345683,73.81644749641418,0.12285663779388369,0.12696363242862307,10,4,rbf,"{'C': 10, 'degree': 4, 'kernel': 'rbf'}",57,0.1205298013245033,0.1244196843082637,0.11979856877816061,0.12067365070945497,0.12825278810408922,0.1357975622681505,6.417143970210437,0.3288346994691596,0.003823288739063534,0.00643101491410291
87,309.49732995033264,70.11688772837321,0.0722114194802899,0.0732702460009371,10,4,sigmoid,"{'C': 10, 'degree': 4, 'kernel': 'sigmoid'}",63,0.07311258278145695,0.07043374452845205,0.06838059899284389,0.07107810635194271,0.07514604354753053,0.07829888712241653,2.7964216598509766,1.4090778143197442,0.0028339839664303632,0.0035655036284157203
88,65.82304422060649,46.24937987327576,0.8433798833303872,0.9431679856876177,10,5,linear,"{'C': 10, 'degree': 5, 'kernel': 'linear'}",7,0.8532450331125828,0.9411062475129327,0.833289159819772,0.94655881182867,0.8436006372809347,0.9418388977212506,1.6493873850496295,0.554643216300107,0.008151322251205,0.0024162602675856064
89,306.9111433029175,70.16089685757954,0.06743857168110305,0.06844412738264889,10,5,poly,"{'C': 10, 'degree': 5, 'kernel': 'poly'}",72,0.052980132450331126,0.05305743467303355,0.05300821627352239,0.05304336294921098,0.09638874137015402,0.09923158452570217,1.5891437124611794,1.3787748251271945,0.02044915628343062,0.021770020479317566
90,302.48174866040546,73.23206782341003,0.12285663779388369,0.12696363242862307,10,5,rbf,"{'C': 10, 'degree': 5, 'kernel': 'rbf'}",57,0.1205298013245033,0.1244196843082637,0.11979856877816061,0.12067365070945497,0.12825278810408922,0.1357975622681505,3.5792827072412345,0.2564522722843246,0.003823288739063534,0.00643101491410291
91,304.19703276952106,70.74944798151652,0.0722114194802899,0.0732702460009371,10,5,sigmoid,"{'C': 10, 'degree': 5, 'kernel': 'sigmoid'}",63,0.07311258278145695,0.07043374452845205,0.06838059899284389,0.07107810635194271,0.07514604354753053,0.07829888712241653,1.5065881077703942,1.057014172957759,0.0028339839664303632,0.0035655036284157203
92,68.21588532129924,44.95570254325867,0.8433798833303872,0.9431679856876177,10,6,linear,"{'C': 10, 'degree': 6, 'kernel': 'linear'}",7,0.8532450331125828,0.9411062475129327,0.833289159819772,0.94655881182867,0.8436006372809347,0.9418388977212506,0.659427281683335,0.3983695696220335,0.008151322251205,0.0024162602675856064
93,305.6427944501241,69.52931086222331,0.06293088209298214,0.06376297564267364,10,6,poly,"{'C': 10, 'degree': 6, 'kernel': 'poly'}",95,0.052980132450331126,0.05305743467303355,0.05300821627352239,0.05304336294921098,0.08284652150823155,0.08518812930577636,1.7588603151683089,0.8938754661717377,0.014067554648538283,0.015149872532335625
94,303.3971076806386,74.29632012049358,0.12285663779388369,0.12696363242862307,10,6,rbf,"{'C': 10, 'degree': 6, 'kernel': 'rbf'}",57,0.1205298013245033,0.1244196843082637,0.11979856877816061,0.12067365070945497,0.12825278810408922,0.1357975622681505,5.9285889299428645,0.6728436451426293,0.003823288739063534,0.00643101491410291
95,302.9672478834788,68.54730542500813,0.0722114194802899,0.0732702460009371,10,6,sigmoid,"{'C': 10, 'degree': 6, 'kernel': 'sigmoid'}",63,0.07311258278145695,0.07043374452845205,0.06838059899284389,0.07107810635194271,0.07514604354753053,0.07829888712241653,2.1377474265058045,2.877939757830963,0.0028339839664303632,0.0035655036284157203
96,57.70014055569967,40.12852819760641,0.8466501679335336,0.9978787805643575,100,1,linear,"{'C': 100, 'degree': 1, 'kernel': 'linear'}",1,0.8556291390728475,0.9974797718530309,0.8372647760402863,0.9985413075188967,0.847052575677111,0.9976152623211447,2.2869496800745854,0.40842815179795317,0.007505254132896994,0.0004717314849613099
97,235.32158048947653,69.69588375091553,0.5633728124447587,0.5729619389760056,100,1,poly,"{'C': 100, 'degree': 1, 'kernel': 'poly'}",44,0.5679470198675497,0.5695715612150153,0.5730188179167771,0.574857445962074,0.5491237387148168,0.5744568097509274,3.207539635971688,0.8612675793894183,0.010275849203207739,0.0024029320097308246
98,196.97626527150473,69.10133481025696,0.6608626480466678,0.6804392723600937,100,1,rbf,"{'C': 100, 'degree': 1, 'kernel': 'rbf'}",38,0.6603973509933775,0.6759517177344475,0.6578319639544129,0.6833311231932104,0.6643653744025492,0.6820349761526232,1.0187744614743461,2.9304422797108005,0.0026868543139551286,0.0032169974796720778
99,229.71473670005798,63.97933133443197,0.5633728124447587,0.5729619389760056,100,1,sigmoid,"{'C': 100, 'degree': 1, 'kernel': 'sigmoid'}",44,0.5679470198675497,0.5695715612150153,0.5730188179167771,0.574857445962074,0.5491237387148168,0.5744568097509274,4.281567917179788,0.785907863142421,0.010275849203207739,0.0024029320097308246
100,53.23078513145447,38.433524211247764,0.8466501679335336,0.9978787805643575,100,2,linear,"{'C': 100, 'degree': 2, 'kernel': 'linear'}",1,0.8556291390728475,0.9974797718530309,0.8372647760402863,0.9985413075188967,0.847052575677111,0.9976152623211447,0.5726664021485304,0.3131351478005958,0.007505254132896994,0.0004717314849613099
101,277.0762385527293,62.81925733884176,0.06346119851511402,0.06482285905549823,100,2,poly,"{'C': 100, 'degree': 2, 'kernel': 'poly'}",89,0.052980132450331126,0.05305743467303355,0.05300821627352239,0.05304336294921098,0.0844397238449283,0.08836777954425014,0.8204750124703918,0.44915877934416326,0.014818331246239724,0.01664877393122569
102,186.64354769388834,65.55460341771443,0.6608626480466678,0.6804392723600937,100,2,rbf,"{'C': 100, 'degree': 2, 'kernel': 'rbf'}",38,0.6603973509933775,0.6759517177344475,0.6578319639544129,0.6833311231932104,0.6643653744025492,0.6820349761526232,3.2197103950830823,0.6007961121919787,0.0026868543139551286,0.0032169974796720778
103,227.34490116437277,63.99888173739115,0.5633728124447587,0.5729619389760056,100,2,sigmoid,"{'C': 100, 'degree': 2, 'kernel': 'sigmoid'}",44,0.5679470198675497,0.5695715612150153,0.5730188179167771,0.574857445962074,0.5491237387148168,0.5744568097509274,2.3302304446169546,1.0198752289611848,0.010275849203207739,0.0024029320097308246
104,53.14357034365336,38.16088080406189,0.8466501679335336,0.9978787805643575,100,3,linear,"{'C': 100, 'degree': 3, 'kernel': 'linear'}",1,0.8556291390728475,0.9974797718530309,0.8372647760402863,0.9985413075188967,0.847052575677111,0.9976152623211447,0.21500773752721442,0.16146748998760982,0.007505254132896994,0.0004717314849613099
105,270.8601882457733,63.93377216657003,0.06602439455541807,0.06698678769001509,100,3,poly,"{'C': 100, 'degree': 3, 'kernel': 'poly'}",83,0.052980132450331126,0.05305743467303355,0.05300821627352239,0.05304336294921098,0.09214020180562932,0.09485956544780075,6.024907246373748,0.7688730340773781,0.018447085073614422,0.0197090310002722
106,188.669970591863,64.89098993937175,0.6608626480466678,0.6804392723600937,100,3,rbf,"{'C': 100, 'degree': 3, 'kernel': 'rbf'}",38,0.6603973509933775,0.6759517177344475,0.6578319639544129,0.6833311231932104,0.6643653744025492,0.6820349761526232,0.2162596035423735,0.34930805653714814,0.0026868543139551286,0.0032169974796720778
107,227.50542751948038,63.967877308527626,0.5633728124447587,0.5729619389760056,100,3,sigmoid,"{'C': 100, 'degree': 3, 'kernel': 'sigmoid'}",44,0.5679470198675497,0.5695715612150153,0.5730188179167771,0.574857445962074,0.5491237387148168,0.5744568097509274,0.32346386129005034,0.8078028774748157,0.010275849203207739,0.0024029320097308246
108,53.49459966023763,38.944295247395836,0.8466501679335336,0.9978787805643575,100,4,linear,"{'C': 100, 'degree': 4, 'kernel': 'linear'}",1,0.8556291390728475,0.9974797718530309,0.8372647760402863,0.9985413075188967,0.847052575677111,0.9976152623211447,1.1368737039299068,1.0788551649255604,0.007505254132896994,0.0004717314849613099
109,274.7430964310964,63.86065093676249,0.06690825525897119,0.06809083291170738,100,4,poly,"{'C': 100, 'degree': 4, 'kernel': 'poly'}",77,0.052980132450331126,0.05305743467303355,0.05300821627352239,0.05304336294921098,0.09479553903345725,0.0981717011128776,1.9525095392276837,0.9201734974305643,0.019698379571434298,0.021270386664805182
110,186.99283361434937,65.56234232584636,0.6608626480466678,0.6804392723600937,100,4,rbf,"{'C': 100, 'degree': 4, 'kernel': 'rbf'}",38,0.6603973509933775,0.6759517177344475,0.6578319639544129,0.6833311231932104,0.6643653744025492,0.6820349761526232,2.4289546148018744,1.0284471759643756,0.0026868543139551286,0.0032169974796720778
111,226.93724989891052,64.10445968310039,0.5633728124447587,0.5729619389760056,100,4,sigmoid,"{'C': 100, 'degree': 4, 'kernel': 'sigmoid'}",44,0.5679470198675497,0.5695715612150153,0.5730188179167771,0.574857445962074,0.5491237387148168,0.5744568097509274,3.4296656939508825,0.9830818067549655,0.010275849203207739,0.0024029320097308246
112,53.617024421691895,39.07291603088379,0.8466501679335336,0.9978787805643575,100,5,linear,"{'C': 100, 'degree': 5, 'kernel': 'linear'}",1,0.8556291390728475,0.9974797718530309,0.8372647760402863,0.9985413075188967,0.847052575677111,0.9976152623211447,0.2510140508542208,0.9869622855995019,0.007505254132896994,0.0004717314849613099
113,274.2142610549927,64.01124620437622,0.06743857168110305,0.06844412738264889,100,5,poly,"{'C': 100, 'degree': 5, 'kernel': 'poly'}",72,0.052980132450331126,0.05305743467303355,0.05300821627352239,0.05304336294921098,0.09638874137015402,0.09923158452570217,0.8063662644679298,0.9721414734419549,0.02044915628343062,0.021770020479317566
114,185.93540008862814,65.33394694328308,0.6608626480466678,0.6804392723600937,100,5,rbf,"{'C': 100, 'degree': 5, 'kernel': 'rbf'}",38,0.6603973509933775,0.6759517177344475,0.6578319639544129,0.6833311231932104,0.6643653744025492,0.6820349761526232,1.9121683208254912,0.05088070710288736,0.0026868543139551286,0.0032169974796720778
115,228.67952609062195,64.63734300931294,0.5633728124447587,0.5729619389760056,100,5,sigmoid,"{'C': 100, 'degree': 5, 'kernel': 'sigmoid'}",44,0.5679470198675497,0.5695715612150153,0.5730188179167771,0.574857445962074,0.5491237387148168,0.5744568097509274,1.8689054040756086,0.592157581969391,0.010275849203207739,0.0024029320097308246
116,53.60370699564616,38.67717321713766,0.8466501679335336,0.9978787805643575,100,6,linear,"{'C': 100, 'degree': 6, 'kernel': 'linear'}",1,0.8556291390728475,0.9974797718530309,0.8372647760402863,0.9985413075188967,0.847052575677111,0.9976152623211447,0.8221548658278292,0.15083585564767207,0.007505254132896994,0.0004717314849613099
117,275.057593981425,63.6529925664266,0.067703729892169,0.06835580376491351,100,6,poly,"{'C': 100, 'degree': 6, 'kernel': 'poly'}",71,0.052980132450331126,0.05305743467303355,0.05300821627352239,0.05304336294921098,0.09718534253850239,0.09896661367249603,1.0679667964564168,0.5628420395137899,0.02082454464274344,0.02164511202561241
118,187.0184466044108,65.7882788181305,0.6608626480466678,0.6804392723600937,100,6,rbf,"{'C': 100, 'degree': 6, 'kernel': 'rbf'}",38,0.6603973509933775,0.6759517177344475,0.6578319639544129,0.6833311231932104,0.6643653744025492,0.6820349761526232,1.2072769295815151,0.1777043919174874,0.0026868543139551286,0.0032169974796720778
119,229.41790580749512,64.75589966773987,0.5633728124447587,0.5729619389760056,100,6,sigmoid,"{'C': 100, 'degree': 6, 'kernel': 'sigmoid'}",44,0.5679470198675497,0.5695715612150153,0.5730188179167771,0.574857445962074,0.5491237387148168,0.5744568097509274,0.9056325254807224,0.48264502093081163,0.010275849203207739,0.0024029320097308246
120,52.72704736391703,38.634836514790855,0.8433798833303872,0.9997348827131508,1000.0,1,linear,"{'C': 1000.0, 'degree': 1, 'kernel': 'linear'}",7,0.8495364238410597,0.9997347128266348,0.8367346938775511,0.9998673915926269,0.8438661710037176,0.9996025437201908,0.022032526611968046,0.22984545735727116,0.005239403314230299,0.00010812375788747977
121,107.85725442568462,53.298971017201744,0.7901714689764893,0.8313155110176279,1000.0,1,poly,"{'C': 1000.0, 'degree': 1, 'kernel': 'poly'}",25,0.8047682119205298,0.8267674757925454,0.773919957593427,0.8382177430049065,0.79182156133829,0.8289613142554318,1.0497787633050877,0.3202601984885148,0.012652000522850539,0.0049621122253175375
122,87.53541239102681,51.74302323659261,0.8144776383242001,0.8718844818653982,1000.0,1,rbf,"{'C': 1000.0, 'degree': 1, 'kernel': 'rbf'}",19,0.8275496688741721,0.866427908210638,0.8014842300556586,0.879193740883172,0.8143919277748274,0.8700317965023847,0.5853434315103376,0.406247548815782,0.010645104087756872,0.005373760523539542
123,106.6292056242625,53.601818879445396,0.7901714689764893,0.8313155110176279,1000.0,1,sigmoid,"{'C': 1000.0, 'degree': 1, 'kernel': 'sigmoid'}",25,0.8047682119205298,0.8267674757925454,0.773919957593427,0.8382177430049065,0.79182156133829,0.8289613142554318,0.8166183932240307,0.2486151513308509,0.012652000522850539,0.0049621122253175375
124,53.12902617454529,39.14573383331299,0.8433798833303872,0.9997348827131508,1000.0,2,linear,"{'C': 1000.0, 'degree': 2, 'kernel': 'linear'}",7,0.8495364238410597,0.9997347128266348,0.8367346938775511,0.9998673915926269,0.8438661710037176,0.9996025437201908,0.26082811317048105,0.20259707887048897,0.005239403314230299,0.00010812375788747977
125,277.4172616004944,64.13249524434407,0.06346119851511402,0.06482285905549823,1000.0,2,poly,"{'C': 1000.0, 'degree': 2, 'kernel': 'poly'}",89,0.052980132450331126,0.05305743467303355,0.05300821627352239,0.05304336294921098,0.0844397238449283,0.08836777954425014,1.4901196860208297,0.3143351370694514,0.014818331246239724,0.01664877393122569
126,87.3887631893158,51.01111284891764,0.8144776383242001,0.8718844818653982,1000.0,2,rbf,"{'C': 1000.0, 'degree': 2, 'kernel': 'rbf'}",19,0.8275496688741721,0.866427908210638,0.8014842300556586,0.879193740883172,0.8143919277748274,0.8700317965023847,2.0026269215327934,0.37121629305785353,0.010645104087756872,0.005373760523539542
127,107.66065541903178,54.06426978111267,0.7901714689764893,0.8313155110176279,1000.0,2,sigmoid,"{'C': 1000.0, 'degree': 2, 'kernel': 'sigmoid'}",25,0.8047682119205298,0.8267674757925454,0.773919957593427,0.8382177430049065,0.79182156133829,0.8289613142554318,1.0329876781732115,0.3403739637129633,0.012652000522850539,0.0049621122253175375
128,53.6973028977712,39.17603119214376,0.8433798833303872,0.9997348827131508,1000.0,3,linear,"{'C': 1000.0, 'degree': 3, 'kernel': 'linear'}",7,0.8495364238410597,0.9997347128266348,0.8367346938775511,0.9998673915926269,0.8438661710037176,0.9996025437201908,0.24896155331755607,0.6951036711010115,0.005239403314230299,0.00010812375788747977
129,275.95796569188434,63.835924545923866,0.06602439455541807,0.06698678769001509,1000.0,3,poly,"{'C': 1000.0, 'degree': 3, 'kernel': 'poly'}",83,0.052980132450331126,0.05305743467303355,0.05300821627352239,0.05304336294921098,0.09214020180562932,0.09485956544780075,0.9992008541713375,0.10789797368488195,0.018447085073614422,0.0197090310002722
130,87.10531401634216,50.73676538467407,0.8144776383242001,0.8718844818653982,1000.0,3,rbf,"{'C': 1000.0, 'degree': 3, 'kernel': 'rbf'}",19,0.8275496688741721,0.866427908210638,0.8014842300556586,0.879193740883172,0.8143919277748274,0.8700317965023847,0.7671523907116782,0.4772382089488235,0.010645104087756872,0.005373760523539542
131,108.54874857266744,53.77042611440023,0.7901714689764893,0.8313155110176279,1000.0,3,sigmoid,"{'C': 1000.0, 'degree': 3, 'kernel': 'sigmoid'}",25,0.8047682119205298,0.8267674757925454,0.773919957593427,0.8382177430049065,0.79182156133829,0.8289613142554318,0.886242269122707,0.6972297432750046,0.012652000522850539,0.0049621122253175375
132,53.980525970458984,39.15302006403605,0.8433798833303872,0.9997348827131508,1000.0,4,linear,"{'C': 1000.0, 'degree': 4, 'kernel': 'linear'}",7,0.8495364238410597,0.9997347128266348,0.8367346938775511,0.9998673915926269,0.8438661710037176,0.9996025437201908,1.1870259267157386,0.7913698134019926,0.005239403314230299,0.00010812375788747977
133,273.7468508084615,64.7018695672353,0.06690825525897119,0.06809083291170738,1000.0,4,poly,"{'C': 1000.0, 'degree': 4, 'kernel': 'poly'}",77,0.052980132450331126,0.05305743467303355,0.05300821627352239,0.05304336294921098,0.09479553903345725,0.0981717011128776,0.9046832784662076,1.207681845944381,0.019698379571434298,0.021270386664805182
134,87.77843006451924,51.26463953653971,0.8144776383242001,0.8718844818653982,1000.0,4,rbf,"{'C': 1000.0, 'degree': 4, 'kernel': 'rbf'}",19,0.8275496688741721,0.866427908210638,0.8014842300556586,0.879193740883172,0.8143919277748274,0.8700317965023847,1.2366409180522269,1.0605821139131981,0.010645104087756872,0.005373760523539542
135,107.69275132815044,53.77242827415466,0.7901714689764893,0.8313155110176279,1000.0,4,sigmoid,"{'C': 1000.0, 'degree': 4, 'kernel': 'sigmoid'}",25,0.8047682119205298,0.8267674757925454,0.773919957593427,0.8382177430049065,0.79182156133829,0.8289613142554318,1.645973481073633,0.24421983959834712,0.012652000522850539,0.0049621122253175375
136,53.335474173227944,39.175503651301064,0.8433798833303872,0.9997348827131508,1000.0,5,linear,"{'C': 1000.0, 'degree': 5, 'kernel': 'linear'}",7,0.8495364238410597,0.9997347128266348,0.8367346938775511,0.9998673915926269,0.8438661710037176,0.9996025437201908,0.5364365011380716,0.4426802944874382,0.005239403314230299,0.00010812375788747977
137,273.35826174418133,64.38188457489014,0.06743857168110305,0.06844412738264889,1000.0,5,poly,"{'C': 1000.0, 'degree': 5, 'kernel': 'poly'}",72,0.052980132450331126,0.05305743467303355,0.05300821627352239,0.05304336294921098,0.09638874137015402,0.09923158452570217,1.5334337876404636,0.18118899448560616,0.02044915628343062,0.021770020479317566
138,87.74038585027058,51.10510698954264,0.8144776383242001,0.8718844818653982,1000.0,5,rbf,"{'C': 1000.0, 'degree': 5, 'kernel': 'rbf'}",19,0.8275496688741721,0.866427908210638,0.8014842300556586,0.879193740883172,0.8143919277748274,0.8700317965023847,0.9244441971268004,1.6051745377105315,0.010645104087756872,0.005373760523539542
139,107.53208343187968,54.24135979016622,0.7901714689764893,0.8313155110176279,1000.0,5,sigmoid,"{'C': 1000.0, 'degree': 5, 'kernel': 'sigmoid'}",25,0.8047682119205298,0.8267674757925454,0.773919957593427,0.8382177430049065,0.79182156133829,0.8289613142554318,1.129503098082571,0.594560845811906,0.012652000522850539,0.0049621122253175375
140,54.21118783950806,39.88017590840658,0.8433798833303872,0.9997348827131508,1000.0,6,linear,"{'C': 1000.0, 'degree': 6, 'kernel': 'linear'}",7,0.8495364238410597,0.9997347128266348,0.8367346938775511,0.9998673915926269,0.8438661710037176,0.9996025437201908,1.1988153042369414,0.5072190646180464,0.005239403314230299,0.00010812375788747977
141,273.39768560727435,54.12803077697754,0.06779211596252431,0.06844412738264889,1000.0,6,poly,"{'C': 1000.0, 'degree': 6, 'kernel': 'poly'}",70,0.052980132450331126,0.05305743467303355,0.05300821627352239,0.05304336294921098,0.09745087626128517,0.09923158452570217,1.8629045355619045,6.668818595264248,0.020949674096309438,0.021770020479317566
142,87.57799259821574,51.29639879862467,0.8144776383242001,0.8718844818653982,1000.0,6,rbf,"{'C': 1000.0, 'degree': 6, 'kernel': 'rbf'}",19,0.8275496688741721,0.866427908210638,0.8014842300556586,0.879193740883172,0.8143919277748274,0.8700317965023847,1.1381042247942652,1.0338530413045337,0.010645104087756872,0.005373760523539542
143,101.25190695126851,45.10126654307047,0.7901714689764893,0.8313155110176279,1000.0,6,sigmoid,"{'C': 1000.0, 'degree': 6, 'kernel': 'sigmoid'}",25,0.8047682119205298,0.8267674757925454,0.773919957593427,0.8382177430049065,0.79182156133829,0.8289613142554318,8.218647874553204,11.527900036325049,0.012652000522850539,0.0049621122253175375
